Nombre;Apellido;Teléfono
Iván;López;680805305
Antonio Manuel;Lafuente;689234765
Eduardo;Gómez;644161787
Andrés Felipe;Gómez;655694832
Carlos;Cifuente;633087345
Luis Alberto;López;677445909
Isidro;Dumas;600111567
Miguel;Salmerón;682101988
Julio;César;645890345
Luis;Fernández;677445909
Andrés;Iniesta;655694832
Miguel;López;682101988
José María;Íñigo;644678123
José;Valcárcel;644678123
Iván;López;680805305
Antonio Manuel;Lafuente;689234765
Julio;Pacheco;645890345
Federico;Muntadas;645637823
Carlos;Aparicio;633087345
Antonio;López;689234765
Felipe;González;612809272
José;Hermoso;644678123
Juan Carlos;Martínez;600456234
Isidro;Pérez;600111567
José antonio;Pacheco;644678123
Iván;López;680805305
Felipe;Martín;612809272
Miguel Ángel;Álava;682101988
Felipe;González;612809272
Antonio Manuel;Lafuente;689234765
Eduardo;Gómez;644161787
Andrés Felipe;Gómez;655694832
Isidro;Dumas;600111567
Miguel;Salmerón;682101988
Julio;César;645890345
Federico;Alcalá;645637823
Carlos;Pérez;633087345
Antonio Luis;Narbona;689234765
José;Hermoso;644678123
Eduardo;Cifuente;644161787
Carlos Andrés;Pérez;633087345
Luis Alberto;de Mónaco;677445909
Carlos;Pérez;633087345
Antonio Luis;Narbona;689234765
José;Hermoso;644678123
Eduardo;Cifuente;644161787
Carlos Andrés;Pérez;633087345
Isidro;Domínguez;600111567
Miguel;López;682101988
José María;Íñigo;644678123
José;Valcárcel;644678123
Iván;López;680805305
Antonio Manuel;Lafuente;689234765
Eduardo;Gómez;644161787
Andrés Felipe;Gómez;655694832
Carlos;Cifuente;633087345
Luis Alberto;López;677445909
Isidro;Dumas;600111567
Miguel;Salmerón;682101988
Antonio Manuel;Lafuente;689234765
Julio;Pacheco;645890345
Julio;César;645890345
Federico;Alcalá;645637823
Carlos;Pérez;633087345
Antonio Luis;Narbona;689234765
Felipe;Martín;612809272
